Silver Pen,50,Gel Pen,1099,images\products\pen1.jpg
Water Colour Brush,80,Best water colour brush,0,images\products\brushes.jpg
Fevical(Medium),40,Medium-size fevical,100,images\products\medium_size_fevical.jpg
White Pen,30,Ball Pen,898,images\products\pen2.jpg
Pencil,5,Best pencil,1000,images\products\pencil.jpg
Pencil Color,20,Colourful pencil colours,995,images\products\pencil_colour.jpg
Scale,10,Plastic Scale,1000,images\products\scale.jpg
Pencil Sharpner,5,This is sharpner,1000,images\products\sharpner.jpg
Fevical(Small tube),10,Small-size fevical,1000,images\products\small_fevical_tube.jpg
Water Colour Box,99,Water Colour,1000,images/products/water_colour_box.jpg
